--
-- Database: `salonpramod`
--

-- --------------------------------------------------------

--
-- Table structure for table `tbladmin`
--

CREATE TABLE `tbladmin` (
  `ID` int(10) NOT NULL AUTO_INCREMENT,
  `AdminName` char(50) DEFAULT NULL,
  `UserName` char(50) DEFAULT NULL,
  `MobileNumber` bigint(10) DEFAULT NULL,
  `Email` varchar(200) DEFAULT NULL,
  `Password` varchar(200) DEFAULT NULL,
  `AdminRegdate` timestamp NULL DEFAULT current_timestamp(),
  PRIMARY KEY 
);

--
-- Dumping data for table `tbladmin`
--

INSERT INTO `tbladmin` (`ID`, `AdminName`, `UserName`, `MobileNumber`, `Email`, `Password`, `AdminRegdate`) VALUES
(1, 'Admin', 'admin', 7898799798, 'tester1@gmail.com', 'f925916e2754e5e03f75dd58a5733251', '2022-05-25 06:21:50');

-- --------------------------------------------------------

--
-- Table structure for table `tblbook`
--

CREATE TABLE `tblbook` (
  `ID` int(10) NOT NULL,
  `UserID` int(10) DEFAULT NULL,
  `AptNumber` int(10) DEFAULT NULL,
  `AptDate` date DEFAULT NULL,
  `AptTime` time DEFAULT NULL,
  `Message` mediumtext DEFAULT NULL,
  `BookingDate` timestamp NULL DEFAULT current_timestamp(),
  `Remark` varchar(250) DEFAULT NULL,
  `Status` varchar(250) DEFAULT NULL,
  `RemarkDate` timestamp NULL DEFAULT NULL ON UPDATE current_timestamp()
);

--
-- Dumping data for table `tblbook`
--

INSERT INTO `tblbook` (`ID`, `UserID`, `AptNumber`, `AptDate`, `AptTime`, `Message`, `BookingDate`, `Remark`, `Status`, `RemarkDate`) VALUES
(1, 7, 729411824, '2022-05-12', '19:03:00', 'Test msg', '2022-05-12 18:30:00', 'Your appointment has been book.', 'Selected', '2022-05-13 06:11:41'),
(2, 7, 767068476, '2022-05-14', '09:00:00', 'fghfshdgfahgrfgh', '2022-05-12 18:30:00', 'Sorry your appointment has been cancelled', 'Rejected', '2022-05-13 06:14:39'),
(4, 10, 931783426, '2022-05-18', '15:40:00', 'NA', '2022-05-15 05:04:13', NULL, NULL, NULL),
(5, 10, 284544154, '2022-05-18', '15:40:00', 'NA', '2022-05-15 05:04:13', NULL, NULL, NULL),
(6, 10, 494039785, '2022-05-31', '14:47:00', 'NA', '2022-05-15 05:13:24', NULL, NULL, NULL),
(8, 10, 891247645, '2022-05-28', '20:14:00', 'nA', '2022-05-28 08:43:55', 'Your booking is confirmed.', 'Selected', '2022-05-28 08:51:22'),
(9, 11, 985654240, '2022-05-29', '13:10:00', 'NA', '2022-05-29 07:34:47', 'Your appointment is confirmed', 'Selected', '2022-05-29 07:35:36');

-- --------------------------------------------------------

--
-- Table structure for table `tblcontact`
--

CREATE TABLE `tblcontact` (
  `ID` int(10) NOT NULL,
  `FirstName` varchar(200) DEFAULT NULL,
  `LastName` varchar(200) DEFAULT NULL,
  `Phone` bigint(10) DEFAULT NULL,
  `Email` varchar(200) DEFAULT NULL,
  `Message` mediumtext DEFAULT NULL,
  `EnquiryDate` timestamp NOT NULL DEFAULT current_timestamp(),
  `IsRead` int(5) DEFAULT NULL
);

--
-- Dumping data for table `tblcontact`
--

INSERT INTO `tblcontact` (`ID`, `FirstName`, `LastName`, `Phone`, `Email`, `Message`, `EnquiryDate`, `IsRead`) VALUES
(5, 'Kajal', 'Sharma', 9879878798, 'kajal@gmail.com', 'guhgjhg', '2022-05-10 08:43:18', 1),
(6, 'Anuj', 'Kumar', 1234567890, 'ak@gmail.com', 'Need booking for marriage', '2022-06-01 01:05:47', 1);

-- --------------------------------------------------------

--
-- Table structure for table `tblinvoice`
--

CREATE TABLE `tblinvoice` (
  `id` int(11) NOT NULL,
  `Userid` int(11) DEFAULT NULL,
  `ServiceId` int(11) DEFAULT NULL,
  `BillingId` int(11) DEFAULT NULL,
  `PostingDate` timestamp NULL DEFAULT current_timestamp()
);

--
-- Dumping data for table `tblinvoice`
--

INSERT INTO `tblinvoice` (`id`, `Userid`, `ServiceId`, `BillingId`, `PostingDate`) VALUES
(4, 7, 4, 138889283, '2022-05-13 11:42:21'),
(5, 7, 9, 138889283, '2022-05-13 11:42:21'),
(6, 7, 16, 138889283, '2022-05-13 11:42:21'),
(7, 8, 3, 555850701, '2022-05-13 11:42:51'),
(8, 8, 6, 555850701, '2022-05-13 11:42:51'),
(9, 8, 9, 555850701, '2022-05-13 11:42:51'),
(10, 8, 11, 555850701, '2022-05-13 11:42:51'),
(13, 10, 1, 330026346, '2022-05-28 08:51:42'),
(14, 10, 2, 330026346, '2022-05-28 08:51:42'),
(15, 11, 2, 379060040, '2022-05-29 07:36:17'),
(16, 11, 5, 379060040, '2022-05-29 07:36:18'),
(17, 11, 6, 379060040, '2022-05-29 07:36:18'),
(18, 11, 12, 379060040, '2022-05-29 07:36:18'),
(19, 11, 3, 460087279, '2022-06-01 01:03:58');

-- --------------------------------------------------------

--
-- Table structure for table `tbluser`
--

CREATE TABLE `tbluser` (
  `ID` int(10) NOT NULL,
  `FirstName` varchar(120) DEFAULT NULL,
  `LastName` varchar(250) DEFAULT NULL,
  `MobileNumber` bigint(10) DEFAULT NULL,
  `Email` varchar(120) DEFAULT NULL,
  `Password` varchar(120) DEFAULT NULL,
  `RegDate` timestamp NULL DEFAULT current_timestamp()
);

--
-- Dumping data for table `tbluser`
--

INSERT INTO `tbluser` (`ID`, `FirstName`, `LastName`, `MobileNumber`, `Email`, `Password`, `RegDate`) VALUES
(1, 'Khusi', NULL, 8956234569, 'khusi@gmail.com', '202cb962ac59075b964b07152d234b70', '2021-10-16 14:22:03'),
(2, 'Rishi Singh', NULL, 5689234578, 'rishi@gmail.com', '202cb962ac59075b964b07152d234b70', '2021-10-16 14:37:49'),
(3, 'Abir Singh', NULL, 2147483649, 'abir@gmail.com', '202cb962ac59075b964b07152d234b70', '2021-10-16 14:40:20'),
(4, 'Test Sample', NULL, 8797977779, 'sample@gmail.com', '202cb962ac59075b964b07152d234b70', '2020-04-08 05:51:06'),
(5, 'Anuj  kumar', NULL, 1236547890, 'test@test.com', 'f925916e2754e5e03f75dd58a5733251', '2020-05-07 08:52:34'),
(6, 'ghhg', NULL, 8888888888, 'c@gmail.com', '202cb962ac59075b964b07152d234b70', '2021-12-14 05:27:32'),
(7, 'Tina', 'Khan', 9789797987, 'tina@gmail.com', '202cb962ac59075b964b07152d234b70', '2022-05-11 09:21:46'),
(8, 'Hima', 'Sharma', 8979798789, 'hima@gmail.com', '202cb962ac59075b964b07152d234b70', '2022-05-11 09:23:16'),
(10, 'Anuj', 'Kumar', 1425362514, 'ak@gmail.com', 'f925916e2754e5e03f75dd58a5733251', '2022-05-15 05:03:32'),
(11, 'John', 'Doe', 1452632541, 'johndoe@gmail.com', 'f925916e2754e5e03f75dd58a5733251', '2022-05-29 07:33:58');
